{
	"textures": {
		"0": "flashlight_off",
		"particle": "flashlight_off"
	},
	"elements": [
		{
			"from": [6, 6, 2],
			"to": [10, 10, 4],
			"faces": {
				"north": {"uv": [6, 6, 10, 10], "texture": "#0"},
				"east": {"uv": [10, 7, 12, 11], "texture": "#0"},
				"south": {"uv": [10, 0, 14, 4], "texture": "#0"},
				"west": {"uv": [9, 11, 11, 15], "texture": "#0"},
				"up": {"uv": [15, 13, 11, 11], "texture": "#0"},
				"down": {"uv": [16, 7, 12, 9], "texture": "#0"}
			}
		},
		{
			"from": [7.5, 9, 8],
			"to": [8.5, 10, 9],
			"faces": {
				"north": {"uv": [9, 10, 10, 11], "texture": "#0"},
				"east": {"uv": [12, 9, 13, 10], "texture": "#0"},
				"south": {"uv": [12, 10, 13, 11], "texture": "#0"},
				"west": {"uv": [13, 4, 14, 5], "texture": "#0"},
				"up": {"uv": [14, 6, 13, 5], "texture": "#0"},
				"down": {"uv": [7, 13, 6, 14], "texture": "#0"}
			}
		},
		{
			"from": [6.5, 6.5, 4],
			"to": [9.5, 9.5, 14],
			"faces": {
				"north": {"uv": [10, 4, 13, 7], "texture": "#0"},
				"east": {"uv": [0, 0, 10, 3], "texture": "#0"},
				"south": {"uv": [6, 10, 9, 13], "texture": "#0"},
				"west": {"uv": [0, 3, 10, 6], "texture": "#0"},
				"up": {"uv": [3, 16, 0, 6], "texture": "#0"},
				"down": {"uv": [6, 6, 3, 16], "texture": "#0"}
			}
		}
	],
	"display": {
		"thirdperson_righthand": {
			"rotation": [90, 0, 0],
			"translation": [0, 1.75, 1.75],
			"scale": [0.55, 0.55, 0.55]
		},
		"thirdperson_lefthand": {
			"rotation": [90, 0, 0],
			"translation": [0, 1.75, 1.75],
			"scale": [0.55, 0.55, 0.55]
		},
		"firstperson_righthand": {
			"rotation": [0, -10, 3],
			"translation": [1.13, 3.2, 1.13],
			"scale": [0.68, 0.68, 0.68]
		},
		"firstperson_lefthand": {
			"rotation": [0, -10, 3],
			"translation": [1.13, 3.2, 1.13],
			"scale": [0.68, 0.68, 0.68]
		},
		"ground": {
			"translation": [0, 2, 0],
			"scale": [0.5, 0.5, 0.5]
		},
		"gui": {
			"rotation": [30, 225, 0],
			"scale": [1.25, 1.25, 1.25]
		},
		"head": {
			"translation": [0, 8, -2.25]
		},
		"fixed": {
			"rotation": [0, 90, 0]
		}
	}
}